frame,time,planet,x,y,z
0,0.0,1,1.0,2.0,3.0
0,0.0,2,2.0,1.0,2.0
0,0.0,3,2.0,3.0,1.0
0,0.0,1,1.0,2.0,3.0
0,0.0,2,2.0,1.0,2.0
0,0.0,3,2.0,3.0,1.0
3,0.06006006006006006,1,1.1808912173736306,2.0600775905782562,2.8787821692315747
3,0.06006006006006006,2,2.1194023810963247,1.0617269122498347,1.9401721382817279
3,0.06006006006006006,3,2.0598252816056917,3.1195528157113976,0.8805342875314873
6,0.12012012012012012,1,1.3631869474773037,2.1201669003722103,2.755312294509243
6,0.12012012012012012,2,2.2372749480105565,1.1268302240373604,1.8808986024955654
6,0.12012012012012012,3,2.1192241594520524,3.2379723520997667,0.762385162388209
9,0.18018018018018017,1,1.5468594634983817,2.1802040171792028,2.629508077878486
9,0.18018018018018017,2,2.35347524078148,1.1954416336757328,1.8223175040768407
9,0.18018018018018017,3,2.1782626047345794,3.3552573178624945,0.6455614527280685
12,0.24024024024024024,1,1.731881107096922,2.2401466288749745,2.5012812140134684
12,0.24024024024024024,2,2.4678492718904224,1.2676653311367274,1.764589728746539
12,0.24024024024024024,3,2.2370103855194583,3.4714011910918288,0.530068400194627
15,0.3003003003003003,1,1.9182277388703661,2.2998878846865765,2.370546348064922
15,0.3003003003003003,2,2.580230327179777,1.3437361313236402,1.7078887966182301
15,0.3003003003003003,3,2.2955391661275977,3.5863969340019697,0.41590506798287413
18,0.36036036036036034,1,2.1058790882827947,2.359236837121146,2.237223466204605
18,0.36036036036036034,2,2.6904397355656027,1.4240560486887035,1.6523974012367768
18,0.36036036036036034,3,2.3539220172775903,3.7002378401040827,0.30306390079668283
21,0.42042042042042044,1,2.294818753664929,2.417918441965904,2.1012378956253075
21,0.42042042042042044,2,2.798286869037625,1.5091942972330865,1.5983074095783356
21,0.42042042042042044,3,2.412233416085713,3.812917534206296,0.19153072484880784
24,0.4804804804804805,1,2.485034202214131,2.475573558288158,1.962520304540846
24,0.4804804804804805,2,2.9035691426592365,1.5998872905068957,1.545819862050358
24,0.4804804804804805,3,2.4705492460659277,3.924429972413704,0.0812847478608878
27,0.5405405405405406,1,2.6763395365140736,2.5316280019243766,1.8212062254601369
27,0.5405405405405406,2,3.0064312404267923,1.6972940708730075,1.4947475616024992
27,0.5405405405405406,3,2.5289452108303356,4.034771596714368,-0.02770198615623988
30,0.6006006006006006,1,2.8689225002502954,2.5854086260109566,1.677042373061345
30,0.6006006006006006,2,3.106275388159606,1.802754503670936,1.4457089479379035
30,0.6006006006006006,3,2.587495405982137,4.143944549904186,-0.13546676688906698
33,0.6606606606606606,1,3.0629977745131995,2.6358588314355256,1.5297660311531398
33,0.6606606606606606,2,3.2024600558815757,1.918363291351085,1.3993626723829562
33,0.6606606606606606,3,2.646270554119764,4.25195499724127,-0.24205400065216814
36,0.7207207207207207,1,3.258072884370183,2.681125100111476,1.3799161428485531
36,0.7207207207207207,2,3.2957769281512217,2.0477919137403378,1.354782464917969
36,0.7207207207207207,3,2.7053350770121134,4.358814790841066,-0.3475142261810022
39,0.7807807807807807,1,3.4529451279685666,2.718555220017863,1.228836717686245
39,0.7807807807807807,2,3.388457090365495,2.1962921356769005,1.3094503183354094
39,0.7807807807807807,3,2.7647470807619876,4.464541483771467,-0.45190411409883136
42,0.8408408408408409,1,3.6454742776159836,2.7447867290946686,1.0789124227221876
42,0.8408408408408409,2,3.4846281299034874,2.3705186264966764,1.2587830093972652
42,0.8408408408408409,3,2.8245575213712653,4.569158494293852,-0.55528570136363
45,0.9009009009009009,1,3.830588703717288,2.75737644821504,0.9356538251352573
45,0.9009009009009009,2,3.594315599072386,2.575267926968991,1.191948104341045
45,0.9009009009009009,3,2.8848056344676496,4.672695761569679,-0.6577218881738233
48,0.960960960960961,1,4.0019546502998375,2.761221233381439,0.8058067539101006
48,0.960960960960961,2,3.730100584985136,2.800642057668288,1.0956319962263683
48,0.960960960960961,3,2.945520228328587,4.775188041405828,-0.7592720248723801
51,1.021021021021021,1,4.158024173003379,2.7677328788644022,0.6908932942114467
51,1.021021021021021,2,3.8950133475605706,3.0237067392948007,0.9669412905932677
51,1.021021021021021,3,3.006723179221302,4.876672230721862,-0.8599863700824646
54,1.0810810810810811,1,4.303665203253281,2.7842404502973563,0.5856597289968599
54,1.0810810810810811,2,4.07925453991877,3.2296963469107913,0.8165031965544636
54,1.0810810810810811,3,3.0684356484888533,4.977184160741409,-0.9599048488133586
57,1.1411411411411412,1,4.443731684271652,2.811230090211741,0.4849859458552063
57,1.1411411411411412,2,4.273044014818149,3.417536704940098,0.6546583617592838
57,1.1411411411411412,3,3.1306817230636996,5.076757794968898,-1.0590609353407494
60,1.2012012012012012,1,4.580960496513097,2.8469791071195627,0.38604313029936776
60,1.2012012012012012,2,4.470828663351589,3.59057414957319,0.48715897385001106
60,1.2012012012012012,3,3.193487852278477,5.175426148999499,-1.1574861492206532
63,1.2612612612612613,1,4.71669851814482,2.889752627836718,0.2874753794364315
63,1.2612612612612613,2,4.66983420843195,3.7521801507313626,0.3168162945303764
63,1.2612612612612613,3,3.2568808763840944,5.2732219816488515,-1.2552136424257043
66,1.3213213213213213,1,4.851684627808263,2.938169571985756,0.18856147298830883
66,1.3213213213213213,2,4.868508313816733,3.9050172911841683,0.1451783484475898
66,1.3213213213213213,3,3.320885655033758,5.370178485578738,-1.352278609652914
69,1.3813813813813813,1,4.9862527096192135,2.9911948414870704,0.08900118377167891
69,1.3813813813813813,2,5.066115710823989,4.051053641459232,-0.027045438341883346
69,1.3813813813813813,3,3.385524688377593,5.466329702666353,-1.4487173747988895
72,1.4414414414414414,1,5.120552939826289,3.048083608749875,-0.01131928933059792
72,1.4414414414414414,2,5.262299636072028,4.191674158358736,-0.19951347797033497
72,1.4414414414414414,3,3.4508167800437497,5.561710532371496,-1.5445679330747746
75,1.5015015015015014,1,5.254694420364121,3.1082989396687766,-0.11248002304265356
75,1.5015015015015014,2,5.456804873761078,4.327849283301126,-0.37194678622048355
75,1.5015015015015014,3,3.5167742673423987,5.656355450291611,-1.6398698947369081
78,1.5615615615615615,1,5.388727284267148,3.171402540409209,-0.2145026303603108
78,1.5615615615615615,2,5.649506601626373,4.460355059778586,-0.5441861249688535
78,1.5615615615615615,3,3.5834053356721696,5.750297971152349,-1.7346619304959001
81,1.6216216216216217,1,5.522682637843619,3.23702752381399,-0.31739114565692483
81,1.6216216216216217,2,5.840328956951619,4.589827349295425,-0.7161113460274786
81,1.6216216216216217,3,3.6507145350663275,5.843570732557064,-1.8289814001655036
84,1.6816816816816818,1,5.656572560675601,3.3048784094033206,-0.4211320246833818
84,1.6816816816816818,2,6.029245036568982,4.716761831368077,-0.8876413911439002
84,1.6816816816816818,3,3.718702780192772,5.936205494986806,-1.9228643526626121
87,1.7417417417417418,1,5.790390105618967,3.3747311233747874,-0.5256941445681007
87,1.7417417417417418,2,6.216276896859102,4.841514003525101,-1.0587342920011693
87,1.7417417417417418,3,3.7873673503540415,6.028233141800333,-2.0163455260072634
90,1.8018018018018018,1,5.924109872931285,3.446431874660065,-0.6310293834020033
90,1.8018018018018018,2,6.401494312862321,4.9643013969616305,-1.2293859809020184
90,1.8018018018018018,3,3.856701920364977,6.119683689978152,-2.1094583573712646
93,1.8618618618618619,1,6.05772434740195,3.519828988721329,-0.7371101274184672
93,1.8618618618618619,2,6.584937295535708,5.085341351220098,-1.3995574718494033
93,1.8618618618618619,3,3.9266981633802915,6.210585809364667,-2.2022342512647137
96,1.921921921921922,1,6.191232211698501,3.5947912706927947,-0.8439186100069533
96,1.921921921921922,2,6.766640356242427,5.204822361603025,-1.5692052359585276
96,1.921921921921922,3,3.997345453833905,6.300964131436228,-2.294699561722902
99,1.981981981981982,1,6.324621838834683,3.67121879434817,-0.9514276476575609
99,1.981981981981982,2,6.946661401905248,5.322876150211904,-1.7383115952230148
99,1.981981981981982,3,4.068632240742397,6.390841366309864,-2.3868783037545547
102,2.042042042042042,1,6.457882062398857,3.7490187637831762,-1.0596110212713001
102,2.042042042042042,2,7.12505746330362,5.43962365410861,-1.9068613653094024
102,2.042042042042042,3,4.140546958120377,6.4802390655678055,-2.4787930182034867
105,2.1021021021021022,1,6.591002176553991,3.8281055134155424,-1.1684434761600904
105,2.1021021021021022,2,7.301884695073677,5.555175025315393,-2.0748418555571395
105,2.1021021021021022,3,4.213078024980489,6.569177622257481,-2.5704647717486013
108,2.1621621621621623,1,6.723971936037667,3.9084005079850077,-1.2779007220467626
108,2.1621621621621623,2,7.477198375708233,5.669629630814882,-2.242242868978591
108,2.1621621621621623,3,4.286213845333407,6.657676270891521,-2.661913156903889
111,2.2222222222222223,1,6.856781556162076,3.989832342553322,-1.387959433065058
111,2.2222222222222223,2,7.651052907556788,5.783076052550086,-2.4090567022590337
111,2.2222222222222223,3,4.359942808187836,6.745753087447757,-2.7531562920184323
114,2.2822822822822824,1,6.989421712814025,4.072336742504244,-1.4985972477596277
114,2.2822822822822824,2,7.823501816825522,5.895592087424394,-2.5752781457566583
114,2.2822822822822824,3,4.434253287550512,6.83342498936922,-2.8442108212763975
117,2.3423423423423424,1,7.121883542454927,4.155856563543542,-1.6097927690860336
117,2.3423423423423424,2,7.994597753577301,6.007244747301572,-2.74090448350257
117,2.3423423423423424,3,4.509133642426205,6.920707735564142,-2.935091914697043
120,2.4024024024024024,1,7.254158642120808,4.240341791698995,-1.7215255644107486
120,2.4024024024024024,2,8.16439249173167,6.118090259005765,-2.905935493200787
120,2.4024024024024024,3,4.5845722168177145,7.007615926405956,-3.0258132681347147
123,2.4624624624624625,1,7.386239069422309,4.325749543320392,-1.833776165511155
123,2.4624624624624625,2,8.332936929064859,6.2281740643214984,-3.070373446228239
123,2.4624624624624625,3,4.660557339725871,7.094163003733294,-3.1163871032788464
126,2.5225225225225225,1,7.518117342544676,4.41204406507953,-1.9465260685755463
126,2.5225225225225225,2,8.500281087209782,6.337530819993676,-3.2342231076347736
126,2.5225225225225225,3,4.737077325149539,7.180361250849989,-3.206824167653962
129,2.5825825825825826,1,7.649786440247772,4.499196733970218,-2.0597577342031257
129,2.5825825825825826,2,8.666474111656031,6.446184397727578,-3.397491736143147
129,2.5825825825825826,3,4.814120472085612,7.2662217925250765,-3.2971337346196705
132,2.6426426426426426,1,7.781239801866068,4.587186057308273,-2.1734545874040077
132,2.6426426426426426,2,8.831564271749885,6.554147884188867,-3.5601890841490333
132,2.6426426426426426,3,4.891675064529016,7.351754594992791,-3.3873236033706746
135,2.7027027027027026,1,7.912471635368509,4.675992101209698,-2.2876015139258348
135,2.7027027027027026,2,8.995597717372224,6.661432868588143,-3.7223238842476927
135,2.7027027027027026,3,4.969729580540163,7.436969084438927,-3.4774009392101215
138,2.7627627627627627,1,8.043478405794568,4.765570473274877,-2.402187523871621
138,2.7627627627627627,2,9.15860811099913,6.768094155366236,-3.8838874002659187
138,2.7627627627627627,3,5.048275155934042,7.521876587649624,-3.5673759807937424
141,2.8228228228228227,1,8.174256106770024,4.855895726049769,-2.5172013631983003
141,2.8228228228228227,2,9.32062489757433,6.874157673733391,-4.044881664433138
141,2.8228228228228227,3,5.127304646645559,7.606485426524158,-3.657255553407103
144,2.8828828828828827,1,8.304800689142786,4.94694696653599,-2.632631735583134
144,2.8828828828828827,2,9.48167705725945,6.979642286151337,-4.205311210266371
144,2.8828828828828827,3,5.206811092055564,7.690803242240875,-3.74704567675969
147,2.942942942942943,1,8.43510826317879,5.038703887909475,-2.7484675983639284
147,2.942942942942943,2,9.641792686958494,7.084566260466058,-4.365180605382693
147,2.942942942942943,3,5.2867877196854325,7.774837483400493,-3.836752190087273
150,3.003003003003003,1,8.565175098562008,5.13114676952047,-2.8646981625390393
150,3.003003003003003,2,9.800999000317837,7.188947269907789,-4.524494451499239
150,3.003003003003003,3,5.36722794519706,7.858595406026099,-3.926380752151904
153,3.063063063063063,1,8.694997624394437,5.224256476893537,-2.9813128927673707
153,3.063063063063063,2,9.959322327726225,7.292802393091024,-4.6832573844332
153,3.063063063063063,3,5.448125372392864,7.942084073563156,-4.015936841241916
156,3.123123123123123,1,8.824572429196108,5.318014461727554,-3.0983015073683733
156,3.123123123123123,2,10.116788116314781,7.396148114014507,-4.841474074101827
156,3.123123123123123,3,5.529473793215786,8.025310356879496,-4.105425755171925
159,3.183183183183183,1,8.95389626090508,5.412402761895712,-3.2156539783220466
159,3.183183183183183,2,10.273420929956998,7.499000322061241,-4.999149224522424
159,3.183183183183183,3,5.611267187749286,8.108280934265327,-4.1948526112828315
162,3.2432432432432434,1,9.082966026877443,5.507404001445519,-3.333360531268939
162,3.2432432432432434,2,10.429244449268742,7.601374311998482,-5.156287573812357
162,3.2432432432432434,3,5.693499724217351,8.191002291433223,-4.2842223464418145
165,3.3033033033033035,1,9.211778793887316,5.603001390598794,-3.4514116455101425
165,3.3033033033033035,2,10.584281471608254,7.703284783977736,-5.312893894189044
165,3.3033033033033035,3,5.776165758984486,8.273480721518135,-4.373539717042337
168,3.3633633633633635,1,9.34033178812685,5.699178725751675,-3.5697980540073013
168,3.3633633633633635,2,10.738553911076144,7.80474584353477,-5.468972991969966
168,3.3633633633633635,3,5.859259836555719,8.355722325077384,-4.462809299004143
171,3.4234234234234235,1,9.468622395206229,5.795920389474611,-3.688510743382607
171,3.4234234234234235,2,10.892082798515398,7.905771001589601,-5.624529707572657
171,3.4234234234234235,3,5.942776689576601,8.437733010090662,-4.552035487773263
174,3.4834834834834836,1,9.596648160153663,5.89321135051237,-3.807540953918797
174,3.4834834834834836,2,11.044888281511378,8.006373174446505,-5.779568915514714
174,3.4834834834834836,3,6.026711238833206,8.519518491960035,-4.641222498322004
177,3.5435435435435436,1,9.724406787415393,5.991037163784031,-3.926880179559159
177,3.5435435435435436,2,11.196989624391811,8.106564683794007,-5.934095524413783
177,3.5435435435435436,3,6.111058593252128,8.601084293509942,-4.730374365148959
180,3.6036036036036037,1,9.851896140855692,6.08938397038299,-4.046520167907526
180,3.6036036036036037,2,11.348405208226806,8.206357256704889,-6.088114476987575
180,3.6036036036036037,3,6.195814049900484,8.682435744987188,-4.819494942279005
183,3.6636636636636637,1,9.979114243756863,6.188238497576956,-4.166452920228282
183,3.6636636636636637,2,11.499152530828837,8.30576202563619,-6.241630750053856
183,3.6636636636636637,3,6.280973093985914,8.763577984060959,-4.908587903263295
186,3.7237237237237237,1,10.106059278819238,6.287588058807954,-4.286670691446355
186,3.7237237237237237,2,11.649248206752755,8.404789528429198,-6.394649354530445
186,3.7237237237237237,3,6.366531398856577,8.844515955822803,-4.997656741179269
189,3.7837837837837838,1,10.232729588161181,6.387420553692324,-4.4071659901472255
189,3.7837837837837838,2,11.798707967295783,8.50344970830946,-6.547175335435227
189,3.7837837837837838,3,6.452484826001159,8.925254412786648,-5.086704768630649
192,3.843843843843844,1,10.359123673319086,6.48772446802072,-4.527931578576918
192,3.843843843843844,2,11.94754666049752,8.601751913886778,-6.699213771886139
192,3.843843843843844,3,6.538829425048863,9.005797914888792,-5.175735117747438
195,3.903903903903904,1,10.485240195247378,6.588488873758112,-4.648960472642006
195,3.903903903903904,2,12.095778251139933,8.699704899155204,-6.850769777101172
195,3.903903903903904,3,6.625561433769418,9.086150829487902,-5.264750740185921
198,3.963963963963964,1,10.611077974318508,6.689703429043783,-4.770245941909613
198,3.963963963963964,2,12.243415820747364,8.797316823493048,-7.001848498398383
198,3.963963963963964,3,6.712677278073073,9.16631733136502,-5.353754407128667
201,4.024024024024024,1,10.736635990322966,6.791358378191332,-4.891781509607407
201,4.024024024024024,2,12.39047156758653,8.894595251662874,-7.1524551171958795
201,4.024024024024024,3,6.800173572010602,9.24630140272356,-5.442748709284527
204,4.084084084084084,1,10.861913382469265,6.893444551688673,-5.013560952623605
204,4.084084084084084,2,12.536956806666518,8.991547153811497,-7.30259484901183
204,4.084084084084084,3,6.8880471177732945,9.326106833189305,-5.531736056888633
207,4.1441441441441444,1,10.986909449383946,6.995953366198033,-5.135578301506975
207,4.1441441441441444,2,12.682881969738789,9.088178905469993,-7.452272943464457
207,4.1441441441441444,3,6.976294905692969,9.405737219810414,-5.620718679702398
210,4.2042042042042045,1,11.111623649111591,7.098876824555956,-5.257827840466826
210,4.2042042042042045,2,12.828256605297177,9.184496287553687,-7.601494684272043
210,4.2042042042042045,3,7.064914114241964,9.485195967057415,-5.7096986270135215
213,4.2642642642642645,1,11.236055599114803,7.202207515773299,-5.380304107373023
213,4.2642642642642645,2,12.973089378577887,9.280504486362162,-7.750265389252929
213,4.2642642642642645,3,7.153902110033139,9.564486286823207,-5.798677767635982
216,4.324324324324325,1,11.360205076274218,7.305938615035235,-5.5030018937559735
216,4.324324324324325,2,13.117388071559505,9.376208093579251,-7.898590410325511
216,4.324324324324325,3,7.243256447819875,9.643611198423066,-5.887657789910041
219,4.384384384384385,1,11.484072016888508,7.410063883701252,-5.625916244806636
219,4.384384384384385,2,13.261159582962978,9.471611106273047,-8.046475133508242
219,4.384384384384385,3,7.332974870496079,9.722573528594637,-5.976640201702244
222,4.444444444444445,1,11.607656516674364,7.514577669305151,-5.749042459376515
222,4.444444444444445,2,13.404409928251635,9.566716926895893,-8.193924978919634
222,4.444444444444445,3,7.423055309096175,9.801375911497937,-6.065626330405415
225,4.504504504504505,1,11.730958830766518,7.61947490555505,-5.872376089977659
225,4.504504504504505,2,13.547144239631175,9.66152836328439,-8.340945400778258
225,4.504504504504505,3,7.513495882795112,9.880020788715353,-6.154617322938664
228,4.564564564564565,1,11.853977679229565,7.724748575342778,-5.995912915818381
228,4.564564564564565,2,13.689371477554795,9.756049794665334,-8.48753819144211
228,4.564564564564565,3,7.60429445806543,9.95851137857673,-6.243615395710446
231,4.624624624624625,1,11.976708974417278,7.830386170708769,-6.119648826770044
231,4.624624624624625,2,13.831108306980253,9.850290234977345,-8.633696677279712
231,4.624624624624625,3,7.695448205018689,10.036853015075579,-6.332625513350357
234,4.684684684684685,1,12.099152988826477,7.936380216012218,-6.243579806256886
234,4.684684684684685,2,13.97235944080919,9.944254413644162,-8.779421494029753
234,4.684684684684685,3,7.786955371023132,10.115049105497855,-6.421650141662669
237,4.744744744744745,1,12.221310283827009,8.042723644819631,-6.367701879908801
237,4.744744744744745,2,14.113128796964174,10.037946722451663,-8.92471377850854
237,4.744744744744745,3,7.878814275858002,10.193102896870592,-6.510691551288683
240,4.804804804804805,1,12.343181452018747,8.149409455623905,-6.492011112621974
240,4.804804804804805,2,14.253420208655493,10.131371509085099,-9.069574662361164
240,4.804804804804805,3,7.971023246719956,10.271017607636777,-6.599751988415913
243,4.864864864864865,1,12.464767117231599,8.256430711844322,-6.616503608558879
243,4.864864864864865,2,14.39323742438114,10.224533077129088,-9.214005272061504
243,4.864864864864865,3,8.06358061822306,10.34879642765535,-6.688833674778084
246,4.924924924924925,1,12.586067934525492,8.36378054182655,-6.741175511148276
246,4.924924924924925,2,14.532584107926812,10.31743568606762,-9.358006728912233
246,4.924924924924925,3,8.156484732398795,10.4264425182012,-6.777938807655129
249,4.984984984984985,1,12.707084590190387,8.471452138842645,-6.866023003085217
249,4.984984984984985,2,14.67146383836592,10.41008355128405,-9.50158014904481
249,4.984984984984985,3,8.249733938696048,10.503959011965174,-6.867069559873196
252,5.045045045045045,1,12.827817801746276,8.579438761091053,-6.9910423063310425
252,5.045045045045045,2,14.80988011005958,10.502480844061104,-9.644726643419489
252,5.045045045045045,3,8.343326593981121,10.581349013054064,-6.9562280798046405
255,5.105105105105105,1,12.948268317943175,8.6877337316966,-7.116229682113381
255,5.105105105105105,2,14.947836332656617,10.59463169158088,-9.787447317825302
255,5.105105105105105,3,8.437261062537731,10.658615596990622,-7.04541649136803
258,5.165165165165165,1,13.06843691876113,8.796330438710507,-7.241581430926151
258,5.165165165165165,2,15.085335831093566,10.686540176924838,-9.929743272880081
258,5.165165165165165,3,8.531535716066998,10.735761810713544,-7.1346368940281435
261,5.225225225225225,1,13.188324415410216,8.905222335110375,-7.3670938925295575
261,5.225225225225225,2,15.222381845594665,10.778210339073818,-10.071615604030447
261,5.225225225225225,3,8.62614893368746,10.812790672577485,-7.223891362795971
264,5.285285285285285,1,13.307931650330538,9.014402938800197,-7.492763445950099
264,5.285285285285285,2,15.358977531671867,10.869646172908018,-10.213065401551805
264,5.285285285285285,3,8.721099101935065,10.88970517235305,-7.313181948228711
267,5.345345345345345,1,13.427259497192228,9.12386583261035,-7.618586509480559
267,5.345345345345345,2,15.495125960124826,10.960851629207014,-10.354093750548351
267,5.345345345345345,3,8.816384614763173,10.966508271226797,-7.402510676429776
270,5.405405405405405,1,13.546308860895445,9.2336046642976,-7.744559540680011
270,5.405405405405405,2,15.630830117040912,11.051830614649743,-10.494701730953075
270,5.405405405405405,3,8.912003873542552,11.043202901801234,-7.491879549048787
273,5.465465465465465,1,13.665080677570382,9.3436131465451,-7.870679036373818
273,5.465465465465465,2,15.766092903795197,11.14258699181452,-10.634890417527751
273,5.465465465465465,3,9.007955287061387,11.119791968094823,-7.581290543281577
276,5.525525525525525,1,13.783575914577252,9.453885056962386,-7.996941532653631
276,5.525525525525525,2,15.900917137050465,11.233124579179023,-10.774660879862946
276,5.525525525525525,3,9.10423727152527,11.196278345541977,-7.67074561187019
279,5.585585585585585,1,13.901795570506309,9.564414238085387,-8.123343604877393
279,5.585585585585585,2,16.035305548757204,11.3234471511203,-10.914014182378011
279,5.585585585585585,3,9.200848250557206,11.272664880993064,-7.7602466831028805
282,5.645645645645645,1,14.019740675177822,9.675194597376414,-8.24988186766933
282,5.645645645645645,2,16.169260786153618,11.413558437914773,-11.052951384321096
282,5.645645645645645,3,9.297786655197612,11.348954392714402,-7.849795660814113
285,5.7057057057057055,1,14.137412289642098,9.786220107224171,-8.376552974919964
285,5.7057057057057055,2,16.302785411765612,11.503462125738224,-11.191473539769133
285,5.7057057057057055,3,9.395050923904318,11.425149670388262,-7.939394424384566
288,5.7657657657657655,1,14.25481150617947,9.89748480494374,-8.5033536197861
288,5.7657657657657655,2,16.4358819034068,11.593161856665814,-11.329581697627846
288,5.7657657657657655,3,9.49263950255256,11.501253475112865,-8.029044828741124
291,5.8258258258258255,1,14.371939448300298,10.0089827927766,-8.630280534690836
291,5.8258258258258255,2,16.568552654178504,11.682661228672067,-11.467276901631747
291,5.8258258258258255,3,9.590550844434993,11.577268539402388,-8.118748704356888
294,5.885885885885886,1,14.488797270744973,10.120708237890607,-8.757330491323557
294,5.885885885885886,2,16.70079997246976,11.77196379563088,-11.604560190344138
294,5.885885885885886,3,9.688783410261678,11.65319756718696,-8.208507857251163
297,5.945945945945946,1,14.605386159483912,10.232655372380012,-8.884500300639937
297,5.945945945945946,2,16.832626081957308,11.861073067315514,-11.741432597157115
297,5.945945945945946,3,9.787335668160088,11.729043233812657,-8.298324068989471
300,6.006006006006006,1,14.721707331717564,10.344818493265453,-9.011786812861939
300,6.006006006006006,2,16.964033121605596,11.949992509398603,-11.877895150291554
300,6.006006006006006,3,9.886206093675112,11.804808186041514,-8.388199096683543
303,6.066066066066066,1,14.837762035876406,10.457191962493946,-9.139186917477817
303,6.066066066066066,2,17.09502314566678,12.038725543452152,-12.01394887279713
303,6.066066066066066,3,9.985393169769043,11.880495042051516,-8.47813467299132
306,6.126126126126126,1,14.953551551620938,10.569770206938905,-9.26669754324211
306,6.126126126126126,2,17.225598123680722,12.127275546947534,-12.1495947825523
306,6.126126126126126,3,10.084895386821593,11.956106391436597,-8.568132506116953
309,6.186186186186186,1,15.069077189841698,10.682547718400123,-9.394315658175652
309,6.186186186186186,2,17.355759940475,12.215645853255484,-12.28483389226432
309,6.186186186186186,3,10.18471124262988,12.031644795206647,-8.658194279810807
312,6.246246246246246,1,15.184340292659245,10.795519053603785,-9.522038269565558
312,6.246246246246246,2,17.485510396164894,12.30383975164612,-12.419667209469225
312,6.246246246246246,3,10.284839242408438,12.107112785787509,-8.748321653369455
315,6.306306306306306,1,15.29934223342417,10.908678834202462,-9.649862423965237
315,6.306306306306306,2,17.614851206153393,12.391860487288913,-12.554095736531842
315,6.306306306306306,3,10.385277898789209,12.182512867020973,-8.838516261635684
318,6.366366366366366,1,15.414084416717092,11.022021746775108,-9.777785207194388
318,6.366366366366366,2,17.743784001131193,12.479711261252717,-12.688120470645792
318,6.366366366366366,3,10.486025731821547,12.257847514164787,-8.928779714998488
321,6.426426426426427,1,15.52856827834866,11.13554254282707,-9.905803744338996
321,6.426426426426427,2,17.8723103270767,12.567395230505749,-12.821742403833486
321,6.426426426426427,3,10.587081268972222,12.33311917389265,-9.019113599393073
324,6.486486486486487,1,15.642795285359549,11.249236038790077,-10.033915199751334
324,6.486486486486487,2,18.000431645256036,12.654915507915597,-12.95496252294612
324,6.486486486486487,3,10.688443045125405,12.40833026429421,-9.109519476300857
327,6.546546546546547,1,15.756766936020462,11.36309711602225,-10.16211677704997
327,6.546546546546547,2,18.12814933222301,12.742275162249214,-13.087781809663674
327,6.546546546546547,3,10.79010960258269,12.48348317487507,-9.199998882749467
330,6.606606606606607,1,15.870484759832134,11.477120720808088,-10.290405719119756
330,6.606606606606607,2,18.255464679819166,12.82947721817293,-13.220201240494934
330,6.606606606606607,3,10.892079491063077,12.558580266556785,-9.290553331312747
333,6.666666666666667,1,15.98395031752533,11.59130186435849,-10.41877930811183
333,6.666666666666667,2,18.382378895173733,12.916524656252435,-13.352221786777458
333,6.666666666666667,3,10.994351267702978,12.633623871676864,-9.381184310110742
336,6.726726726726727,1,16.09716520106084,11.705635622810732,-10.547234865443626
336,6.726726726726727,2,18.508893100703666,13.003420412952792,-13.483844414677606
336,6.726726726726727,3,11.096923497056215,12.708616293988761,-9.471893282809715
339,6.786786786786787,1,16.210131033629477,11.82011713722848,-10.675769751798864
339,6.786786786786787,2,18.635008334113614,13.09016738063844,-13.61507008519052
339,6.786786786786787,3,11.199794751094025,12.783559808661893,-9.562681688622138
342,6.846846846846847,1,16.3228494696521,11.934741613601789,-10.80438136712755
342,6.846846846846847,2,18.760725548395943,13.176768407573178,-13.74589975414014
342,6.846846846846847,3,11.302963609205056,12.858456662281624,-9.653550942306694
345,6.906906906906907,1,16.435322194779573,12.049504322847095,-10.933067150645988
345,6.906906906906907,2,18.886045611830724,13.263226297920175,-13.876334372179183
345,6.906906906906907,3,11.406428658195365,12.933309072849266,-9.744502434168275
348,6.966966966966967,1,16.54755092589281,12.164400600807232,-11.061824580836758
348,6.966966966966967,2,19.01096930798574,13.349543811741976,-14.006374884789166
348,6.966966966966967,3,11.510188492288421,13.00811922978209,-9.835537530057987
351,7.027027027027027,1,16.659537411102743,12.279425848251408,-11.190651175448739
351,7.027027027027027,2,19.135497335716476,13.435723665000488,-14.136022232280391
351,7.027027027027027,3,11.614241713125104,13.082889293913313,-9.926657571373147
354,7.087087087087087,1,16.771283429750337,12.394575530875226,-11.319544491497094
354,7.087087087087087,2,19.25963030916613,13.52176852955699,-14.26527734979195
354,7.087087087087087,3,11.71858692976371,13.157621397492115,-10.017863875057277
357,7.147147147147147,1,16.882790792406578,12.509845179300676,-11.448502125263278
357,7.147147147147147,2,19.38336875776561,13.60768103317213,-14.394141167291725
357,7.147147147147147,3,11.823222758679943,13.232317644183615,-10.109157733600117
360,7.207207207207207,1,16.99406134087249,12.62523038907613,-11.577521712295031
360,7.207207207207207,2,19.506713126233524,13.693463759505926,-14.522614609576385
360,7.207207207207207,3,11.928147823766917,13.306980109068894,-10.200540415037613
363,7.267267267267267,1,17.105096948179124,12.740726820676349,-11.706600927406392
363,7.267267267267267,2,19.629663774576194,13.779119248117766,-14.650698596271395
363,7.267267267267267,3,12.03336075633516,13.381610838644981,-10.292013162951925
366,7.327327327327327,1,17.21589951858755,12.856330199502487,-11.83573748467767
366,7.327327327327327,2,19.752220978087653,13.864649994466404,-14.778394041831003
366,7.327327327327327,3,12.13886019511261,13.456211850824856,-10.383577196471425
369,7.387387387387387,1,17.326470987588873,12.972036315882075,-11.964929137455483
369,7.387387387387387,2,19.874384927349634,13.950058449909967,-14.905701855538247
369,7.387387387387387,3,12.244644786244617,13.530785134937455,-10.475233710270688
372,7.4474474474474475,1,17.436813321904236,13.087841025069043,-12.094173678352725
372,7.4474474474474475,2,19.996155728231585,14.035347021705945,-15.032622941504961
372,7.4474474474474475,3,12.350713183293944,13.605332651727664,-10.56698387457051
375,7.5075075075075075,1,17.546928519484794,13.203740247243696,-12.223468939248587
375,7.5075075075075075,2,20.11753340189066,14.120518073011205,-15.159158198671756
375,7.5075075075075075,3,12.457064047240767,13.679856333356323,-10.65882883513789
378,7.5675675675675675,1,17.656818609511745,13.31972996751273,-12.35281279128854
378,7.5675675675675675,2,20.238517884771724,14.20557392288198,-15.285308520808046
378,7.5675675675675675,3,12.563696046482665,13.754358083400222,-10.750769713286044
381,7.627627627627628,1,17.766485652396305,13.435806235909233,-12.482203144884355
381,7.627627627627628,2,20.359109028607346,14.290516846273869,-15.411074796512027
381,7.627627627627628,3,12.670607856834637,13.828839776852105,-10.842807605874393
384,7.687687687687688,1,17.875931739779723,13.551965167392671,-12.611637949714083
384,7.687687687687688,2,20.4793066004178,14.375349074041843,-15.536457909210688
384,7.687687687687688,3,12.777798161529091,13.903303260120666,-10.934943585308575
387,7.747747747747748,1,17.98515899453328,13.668202941848907,-12.74111519472207
387,7.747747747747748,2,20.59911028251108,14.460072792940245,-15.661458737159801
387,7.747747747747748,3,12.885265651215846,13.977750351030554,-11.027178699540434
390,7.807807807807808,1,18.09416957075828,13.784515804090187,-12.870632908118942
390,7.807807807807808,2,20.71851967248288,14.54469014562278,-15.786078153443938
390,7.807807807807808,3,12.993009023962134,14.05218283882237,-11.119513972068027
393,7.867867867867868,1,18.202965653786055,13.900900063855136,-13.000189157381627
393,7.867867867867868,2,20.8375342832166,14.629203230642531,-15.910317025976454
393,7.867867867867868,3,13.101026985252595,14.126602484152665,-11.21195040193562
396,7.927927927927928,1,18.311549678170056,14.017351943175438,-13.12978216957963
396,7.927927927927928,2,20.95615315773566,14.71361428687047,-16.034175882243062
396,7.927927927927928,3,13.209318231043813,14.201011059376668,-11.304488995268294
399,7.987987987987988,1,18.419938388895048,14.133857640043733,-13.25941802829528
399,7.987987987987988,2,21.074350491929003,14.797937605937445,-16.157633374728604
399,7.987987987987988,3,13.317880199382923,14.27541300195566,-11.397132812182901
402,8.048048048048049,1,18.52814276089794,14.25040717699496,-13.389099451499613
402,8.048048048048049,2,21.192112074445095,14.882182625512518,-16.280677354257197
402,8.048048048048049,3,13.426710310762521,14.349811817643335,-11.489884090424038
405,8.108108108108109,1,18.636165049173524,14.36699665947941,-13.51882431726856
405,8.108108108108109,2,21.30943933316546,14.9663514596019,-16.40330918616684
405,8.108108108108109,3,13.535806585892232,14.42420939813742,-11.58274378949508
408,8.168168168168169,1,18.74400757289234,14.48362217423077,-13.648590548939607
408,8.168168168168169,2,21.426333545621898,15.05044632763413,-16.52553018917575
408,8.168168168168169,3,13.645167052814429,14.498607612472616,-11.675712854264964
411,8.228228228228229,1,18.851672715400678,14.600279789266104,-13.778396115111784
411,8.228228228228229,2,21.54279583899645,15.134469554460084,-16.64734163538237
411,8.228228228228229,3,13.754789746904237,14.57300830702059,-11.768792214968194
414,8.288288288288289,1,18.959162924220585,14.716965553885863,-13.908239029645664
414,8.288288288288289,2,21.658827190121432,15.218423570352963,-16.76874475026535
414,8.288288288288289,3,13.864672710869524,14.647413305489971,-11.861982787204834
417,8.348348348348349,1,19.066480711049852,14.833675498673884,-14.03811735166337
417,8.348348348348349,2,21.774428425479407,15.302310911008298,-16.889740712683555
417,8.348348348348349,3,13.974813994750908,14.72182440892636,-11.955285471940515
420,8.408408408408409,1,19.173628651762023,14.950405635497386,-14.16802918554857
420,8.408408408408409,2,21.889600221203196,15.386134217543953,-17.01033065487608
420,8.408408408408409,3,14.085211655921755,14.796243395712319,-12.048701155506427
423,8.468468468468469,1,19.280609386406383,15.067151957506978,-14.29797268094648
423,8.468468468468469,2,22.00434310307588,15.469896236500121,-17.130515662462223
423,8.468468468468469,3,14.195863759088173,14.870672021567382,-12.142230709599326
426,8.528528528528529,1,19.387425619207978,15.183910439136648,-14.42794603276386
426,8.528528528528529,2,22.118657446530797,15.553599819839325,-17.250296774441516
426,8.528528528528529,3,14.306768376289023,14.945112019548048,-12.235874991281529
429,8.588588588588589,1,19.4940801185676,15.300677036103771,-14.557947481169018
429,8.588588588588589,2,22.23254347665155,15.637247924946418,-17.36967498319369
429,8.588588588588589,3,14.417923586895911,15.019565100047782,-12.329634842980917
432,8.64864864864865,1,19.60057571706179,15.417447685409106,-14.687975311591808
432,8.64864864864865,2,22.346001268171985,15.720843614628585,-17.48865123447871
432,8.64864864864865,3,14.529327477613194,15.094032950797015,-12.423511092490937
435,8.70870870870871,1,19.706915311442838,15.534218305336802,-14.818027854723635
435,8.70870870870871,2,22.45903074547622,15.804390057115336,-17.607226427436746
435,8.70870870870871,3,14.64097814247797,15.16851723686315,-12.517504552970594
438,8.76876876876877,1,19.813101862638792,15.650984795454386,-14.948103486517443
438,8.76876876876877,2,22.571631682598618,15.887890526058516,-17.72540141458819
438,8.76876876876877,3,14.752873682860088,15.243019600650545,-12.61161602294446
441,8.82882882882883,1,19.919138395753436,15.767743036612773,-15.078200628187725
441,8.82882882882883,2,22.683803703223816,15.971348400532303,-17.843177001833656
441,8.82882882882883,3,14.865012207462145,15.31754166190054,-12.705846286302672
444,8.88888888888889,1,20.025028000066317,15.88448889094626,-15.208317746210525
444,8.88888888888889,2,22.795546280686693,16.054767165033198,-17.960553948453967
444,8.88888888888889,3,14.977391832319485,15.392085017691429,-12.800196112300922
447,8.94894894894895,1,20.130773829032726,16.001218201872536,-15.33845335232343
447,8.94894894894895,2,22.906858737972392,16.138150409480033,-18.077532967110166
447,8.94894894894895,3,15.090010680800201,15.46665124243848,-12.894666255560473
450,9.00900900900901,1,20.236379100283703,16.117926794092664,-15.46860600352557
450,9.00900900900901,2,23.01774024771632,16.221501829213977,-18.194114723843512
450,9.00900900900901,3,15.202866883605127,15.541241887893927,-12.989257456068149
453,9.06906906906907,1,20.34184709562604,16.234610473591104,-15.59877430207763
453,9.06906906906907,2,23.12818983220413,16.304825224998524,-18.31029983807549
453,9.06906906906907,3,15.315958578767853,15.615858483146967,-13.083970439176337
456,9.12912912912913,1,20.447181161042277,16.351265027635687,-15.728956895501833
456,9.12912912912913,2,23.238206363371738,16.388124503019498,-18.426088882607793
456,9.12912912912913,3,15.42928391165471,15.690502534623764,-13.178805915602988
459,9.18918918918919,1,20.55238470669071,16.467886224777644,-15.859152476581954
459,9.18918918918919,2,23.347788562805324,16.471403674885053,-18.541482383622334
459,9.18918918918919,3,15.54284103496478,15.765175526087456,-13.273764581431614
462,9.24924924924925,1,20.657461206905378,16.584469814851577,-15.989359783363314
462,9.24924924924925,2,23.456935001741318,16.554666857625676,-18.656480820681246
462,9.24924924924925,3,15.65662810872989,15.839878918638139,-13.36884711811129
465,9.30930930930931,1,20.76241420019607,16.701011528975485,-16.119577599152777
465,9.30930930930931,2,23.565644101066408,16.637918273694183,-18.77108462672687
465,9.30930930930931,3,15.77064330031462,15.914614150712879,-13.46405419245666
468,9.36936936936937,1,20.867247289248333,16.81750707955074,-16.249804752518756
468,9.36936936936937,2,23.673914131317545,16.72116225096572,-18.885294188081783
468,9.36936936936937,3,15.884884784416286,15.98938263808571,-13.559386456647923
471,9.42942942942943,1,20.971964140923454,16.93395216026211,-16.380040117291212
471,9.42942942942943,2,23.78174321268193,16.80440322273776,-18.999109844448757
471,9.42942942942943,3,15.999350743064962,16.06418577386763,-13.654844548230846
474,9.48948948948949,1,21.07656848625848,17.050342446077735,-16.510282612561653
474,9.48948948948949,2,23.88912931499703,16.887645727730117,-19.112531888910798
474,9.48948948948949,3,16.114039365623466,16.139024928506608,-13.75042909011676
477,9.54954954954955,1,21.181064120466193,17.166673593249154,-16.640531202683125
477,9.54954954954955,2,23.99607025775057,16.970894410084917,-19.225560567931122
477,9.54954954954955,3,16.228948848787365,16.213901449787574,-13.846140690582557
480,9.60960960960961,1,21.285454902935143,17.28294123931128,-16.770784897270232
480,9.60960960960961,2,24.102563710080524,17.054154019366635,-19.338196081353164
480,9.60960960960961,3,16.344077396584968,16.28881666283243,-13.941979943270692
483,9.66966966966967,1,21.389744757229618,17.39914100308242,-16.90104275119912
483,9.66966966966967,2,24.208607190775126,17.137429410562063,-19.450438582400576
483,9.66966966966967,3,16.459423220377335,16.363771870100045,-14.037947427189184
486,9.72972972972973,1,21.49393767108966,17.515268484664254,-17.03130386460748
486,9.72972972972973,2,24.31419806827288,17.220725544080327,-19.562288177677225
486,9.72972972972973,3,16.574984538858278,16.438768351386244,-14.134043706711616
489,9.78978978978979,1,21.59803769643106,17.631319265441856,-17.161567382894546
489,9.78978978978979,2,24.41933356066253,17.30404748575289,-19.6737449271672
489,9.78978978978979,3,16.690759578054347,16.513807363823837,-14.23026933157713
492,9.84984984984985,1,21.70204894934536,17.747288908083682,-17.291832496721113
492,9.84984984984985,2,24.524010735683092,17.387400406833535,-19.784808844234803
492,9.84984984984985,3,16.806746571324847,16.588890141882583,-14.326624836890439
495,9.90990990990991,1,21.805975610099853,17.86317295654158,-17.422098442009503
495,9.90990990990991,2,24.628226510723827,17.470789583998382,-19.89547989562456
495,9.90990990990991,3,16.92294375936183,16.66401789736922,-14.423110743121814
498,9.96996996996997,1,21.909821923137574,17.978966936050764,-17.5523644999436
498,9.96996996996997,2,24.731977652824266,17.554220399345876,-20.005758001461206
498,9.96996996996997,3,17.039349390190086,16.739191819427443,-14.519727556107087
501,10.03003003003003,1,22.013592197077323,18.09466635312985,-17.682629996968828
501,10.03003003003003,2,24.835260778674197,17.637698340396796,-20.1156430352497
501,10.03003003003003,3,17.155961719167166,16.814413074537924,-14.616475767047659
504,10.09009009009009,1,22.117290804713633,18.210266695580835,-17.812894304792152
504,10.09009009009009,2,24.938072354613652,17.72122900009425,-20.225134823875212
504,10.09009009009009,3,17.27277900898336,16.889682806518298,-14.71335585251049
507,10.15015015015015,1,22.2209221830168,18.325763432489097,-17.943156840382102
507,10.15015015015015,2,25.040408696632937,17.80481807680368,-20.334233147603136
507,10.15015015015015,3,17.38979952966171,16.96500213652316,-14.810368274428106
510,10.21021021021021,1,22.324490833132863,18.441152014223405,-18.07341706596873
510,10.21021021021021,2,25.142265970372605,17.88847137431285,-20.442937740079074
510,10.21021021021021,3,17.507021558557994,17.04037216304408,-14.907513480098592
513,10.27027027027027,1,22.428001320383615,18.556427872435904,-18.203674489043657
513,10.27027027027027,2,25.243640191123475,17.97219480183186,-20.551248288328857
513,10.27027027027027,3,17.624443380360756,17.11579396190959,-15.0047919021856
516,10.33033033033033,1,22.531458274266598,18.67158642006213,-18.33392866236003
516,10.33033033033033,2,25.344527223826617,18.055994373993144,-20.65916443275853
516,10.33033033033033,3,17.742063287091277,17.19126858628519,-15.102203958718347
519,10.39039039039039,1,22.6348663884551,18.786623051321005,-18.46417918393256
519,10.39039039039039,2,25.444922783073366,18.139876210851455,-20.76668576715435
519,10.39039039039039,3,17.85987957810358,17.26679706667335,-15.199750053091606
522,10.45045045045045,1,22.738230420798164,18.90153314171483,-18.5944256970375
522,10.45045045045045,2,25.5448224331053,18.22384653788388,-20.87381183868279
522,10.45045045045045,3,17.977890560084443,17.342380410913506,-15.29743057406572
525,10.51051051051051,1,22.84155519332058,19.01631204802929,-18.72466789021264
525,10.51051051051051,2,25.644221587814275,18.307911685989847,-20.980542147890553
525,10.51051051051051,3,18.096094547053394,17.418019604182053,-15.395245895766593
528,10.57057057057057,1,22.94484559222289,19.130955108333477,-18.854905497257327
528,10.57057057057057,2,25.743115510742392,18.3920780914911,-21.086876148704548
528,10.57057057057057,3,18.214489860362704,17.49371560899236,-15.49319637768569
531,10.63063063063063,1,23.048106567881387,19.24545764197983,-18.985138297232453
531,10.63063063063063,2,25.841499315082007,18.476352296131722,-21.1928132484319
531,10.63063063063063,3,18.333074828697384,17.569469365194767,-15.591282364680042
534,10.69069069069069,1,23.15134313484811,19.3598149496042,-19.11536611446045
534,10.69069069069069,2,25.93936796367575,18.56074094707812,-21.29835280775996
534,10.69069069069069,3,18.451847788075213,17.645281789976565,-15.689504186972243
537,10.75075075075075,1,23.254560371850847,19.474022313125815,-19.245588818525302
537,10.75075075075075,2,26.03671626901649,18.645250796919036,-21.403494140756298
537,10.75075075075075,3,18.57080708184669,17.72115377786203,-15.78786216015045
540,10.81081081081081,1,23.357763421793145,19.58807499574729,-19.375806324272546
540,10.81081081081081,2,26.13353889324737,18.729888703665544,-21.508236514868685
540,10.81081081081081,3,18.68995106069509,17.797086200712393,-15.88635658516838
543,10.87087087087087,1,23.460957491754286,19.70196824195462,-19.506018591809244
543,10.87087087087087,2,26.229830348161773,18.814661630751036,-21.61257915092512
543,10.87087087087087,3,18.80927808263641,17.873079907725852,-15.984987748345318
546,10.93093093093093,1,23.564147852989322,19.81569727751719,-19.636225626504032
546,10.93093093093093,2,26.325584995203357,18.899576647031253,-21.71652122313383
546,10.93093093093093,3,18.928786513019418,17.94913572543758,-16.083755921366112
549,10.99099099099099,1,23.66733984092904,19.92925730948777,-19.766427478987072
549,10.99099099099099,2,26.420797045466024,18.98464092678425,-21.82006185908324
549,10.99099099099099,3,19.0484747245256,18.02525445771971,-16.18266136128117
552,11.05105105105105,1,23.77053885517997,20.042643526202504,-19.896624245150086
552,11.05105105105105,2,26.51546055969395,19.06986174971042,-21.923200139742004
552,11.05105105105105,3,19.168341097169225,18.101436885781343,-16.281704310506463
555,11.11111111111111,1,23.873750359524422,20.155851097280937,-20.02681606614633
555,11.11111111111111,2,26.60956944828155,19.155246500932485,-22.025935099458987
555,11.11111111111111,3,19.28838401829728,18.177683768168546,-16.380884996823525
558,11.17117117117117,1,23.976979881920425,20.26887517362599,-20.157003128390613
558,11.17117117117117,2,26.70311747127351,19.2408026709955,-22.12826572596328
558,11.17117117117117,3,19.408601882589508,18.253995840764354,-16.480203633379457
561,11.23123123123123,1,24.080233014501772,20.381710887423967,-20.287185663559292
561,11.23123123123123,2,26.79609823836477,19.32653785586684,-22.230190960364176
561,11.23123123123123,3,19.528993092058414,18.33037381678877,-16.579660418686924
564,11.29129129129129,1,24.183515413578,20.49435335214456,-20.417363948590275
564,11.29129129129129,2,26.888505208900526,19.41245975693622,-22.33170969715121
564,11.29129129129129,3,19.649556056049228,18.40681838679876,-16.679255536624147
567,11.35135135135135,1,24.286832799634407,20.60679766254085,-20.547538305683
567,11.35135135135135,2,26.980331691876238,19.498576181015682,-22.432820784194107
567,11.35135135135135,3,19.77028919123994,18.483330218688263,-16.778989156434918
570,11.411411411411411,1,24.390190957332027,20.71903889464929,-20.677709102298465
570,11.411411411411411,2,27.071570845937607,19.584895040339603,-22.533523022742827
570,11.411411411411411,3,19.89119092164129,18.559909957688173,-16.878861432728584
